id,x,y
1,129.049088,37.094144
2,129.019088,37.044144
